ID,Tipo,TextUser,Timer,Txtime
7,S/I,"Soy muy paciente cuando estoy en el trabajo, siempre pienso las cosas muy bien antes de actuar.",14:16,1:51
10,C/I,"Siempre evito cometer errores en el trabajo, me gusta tener todo bajo control y si no sé algo lo investigo hasta estar seguro soy muy decisivo.",8:31,3:10
3,I/D,"Soy una persona con mucha facilidad de palabra, comprensivo. Como desventaja es que suelo tener problemas de concentración en ciertas tareas y eso hace que pierda tiempo",9:13,2:14
6,S/D,"En el trabajo soy muy tranquilo, me gusta tratar bien a todos mis compañeros. No me gusta que haya cambios repentinos porque soy muy rutinario.",8:32,2:34
8,S/C,"Lucho siempre por lograr las metas en el trabajo, soy muy cumplido. Pero suelo sufrir para adaptarme cuando tengo que hacer nuevas actividades",8:32,3:34
3,I/D,"Ser sociables mi mayor fortaleza, trato a la gente de manera amable y comprensible, aunque a veces soy muy desesperada cuando no comprendo algo y suelo ser desconfiada",5:4,0:49
5,I/C,"Creo que mi mayor cualidad es que soy muy sociable y le caigo bien a la gente y mi debilidad es que soy muy confiado siempre creo que tendrá éxito en lo que haré sin importar lo que sea.",9:27,2:0
10,C/I,"Soy muy responsable en mi trabajo, me gusta trabajar lo mejor que se pueda, pero soy muy reservada.",18:59,2:3
1,D/S,"Me gusta trabajar en equipo y que todos cooperen",9:20,1:17
2,D/C,"Aunque hay problemas en el trabajo siempre mantengo la calma y busco una forma de resolver el problema, pero me en veces suelo dar por su lado a mis superiores.",6:51,2:27
6,S/D,"Mis fortalezas son que me agrada trabajar en equipo. Además, soy respetuoso, amable, alegre y servicial. Sin embargo, mis debilidades son la inseguridad y ser demasiado flexible. ",10:58,2:34
3,I/D,"Mi gran ventaja es que me gusta mucho trabajar en equipo y ser responsable con mis actividades, pero mi debilidad es que soy muy parlanchín y soy poco distraído.",6:1,1:54
3,I/D,"Mi fortaleza. Suelo ser parlanchín con todo el mundo, aunque a veces eso me haga que pierda tiempo y no pueda concentrarme con facilidad, siendo también mi debilidad",6:11,3:03
10,C/I,"Siempre trato de hacer que mi trabajo sea el mejor, reviso cada detalle, pero esto hace que me tomé tiempo para hacerlo.",10:28,0:58
5,I/C,"Mi mayor fortaleza es que me gano la confianza de los demás, soy muy confiado para enfrentar los retos que se me presenten. Y mi debilidad es que me opongo cuando otros tienen un punto de vista diferente al mío",10:34,1:21
8,S/C,"Soy muy leal, perseverante en todo sentido de la palabra, me cuesta adaptarme a los cambios",7:42,3:43
9,C/D,"Me adapto fácilmente a los cambios que puedan surgir en el trabajo, prefiero evitar conflictos con mi jefe o compañeros.",7:45,3:16
9,C/D,"Me gusta mucho ser responsable con mi trabajo y respetar las reglas que se me indiquen. Ser comprometido y respetuoso",6:28,0:43
1,D/S,"No tengo problemas en realizar nuevas actividades, aunque al principio podrían salirme mal por la falta de experiencia",5:35,1:48
5,I/C,"Me gusta mucho mi responsabilidad en mi trabajo y debilidad es tener muchos amigos y platicar con ellos mucho",9:30,1:4
5,I/C,"Me gusta mi trabajo, mi debilidad es distraerme mucho y estar platicando",6:19,1:3
13,IS/DC,"Género mucha confianza y optimismo, siempre me mantengo positivo y encuentro una forma de encontrar una solución óptima, no suelo ser perfeccionista, pero si existe una oportunidad de demostrar eso, hago mi más grande esfuerzo. Como debilidad es que me creo mucho lo que dicen de mi o en general y siempre se genera un conflicto, por eso en ciertas ocasiones no soy empatico",7:15,2:49
3,I/D,"Soy una persona con mucha facilidad de palabra, comprensivo. Como desventaja es que suelo tener problemas de concentración en ciertas tareas y eso hace que pierda tiempo",9:13,2:14
1,D/S,"Soy muy trabajador y perfeccionista, no me gusta desviar mis objetivos. Soy muy rutinario y me acostumbro a un solo ritmo de trabajo.",10:53,1:28
12,DC/IS,"Soy muy tolerable cuando se necesita, pero cuando algo no me gusta y algo está mal se los comento no me quedo callado",6:35,1:29
7,C/D,"Limpio, ordenado, empático, consiente, carácter débil, impaciente ",7:45,1:53
10,C/I,"Me gusta ser exacto preciso y soy muy poco tolerante",5:56,0:50
8,S/C,"Trato de hacer las cosas lo mejor que puedo, aunque algunas veces lo hago mal por cansancio",6:59,1:30
7,C/D,"Me gusta mi trabajo, dentro del área laboral soy muy sociable por conveniencia; para poder tener armonía dentro del área, pero no me gusta mantener esa misma cercanía fuera de él... No me gusta que me repitan las cosas así que hago mi trabajo sin que me molesten o tendré varias discusiones",10:33,2:40
11,C/S,"Comprometido , afectivo y debilidades pereza o falta de satisfacción ",8:56,0:44
7,S/I,"Mi capacidad de análisis es mi fortaleza, siempre busco encontrar la solución óptima para cualquier situación. Alguna debilidad creo seria qué a veces presto mucha atención a la gente negativa",6:59,2:07
12,DC/IS,"Adaptable, desconfiado",7:46,0:11
7,C/D,"Trato de siempre cumplir las metas del trabajo, me gusta ser reconocida, me centro en mis obligaciones y por otra parte siento que deben decirme qué hacer, porque suelo ser dependiente",6:5,2:55
5,I/C,Soy seguro de mí mismo y soy muy confiado,10:32,2:26
7,C/D,"Trabajo en equipo, responsable, disciplinado, creativo, meticuloso, constante, confiado, nervioso",11:19,1:38
13,IS/DC,"Género mucha confianza, y optimismo ",5:13,0:46
2,D/C,"Soy muy perfeccionista y trato de no cometer errores, y mi punto débil es creerle a la gente",18:53,1:9
13,IS/DC,"Mis fortalezas principales, es el buen manejo del liderazgo, trabajar en equipo, amable, gentil y algunas de mis debilidades principales serian el mal manejo de grupos, la mala coordinación , el mal manejo de información como tal.",3:39,9:14
4,I/S,"Fortaleza. Soy sociable, comprensible Debilidad. No soy paciente",8:35,1:50
1,D/S,"Fortalezas; eficiente, nunca pierdo mis objetivos y debilidad; falta de concentración",5:13,0:57
0,D/I,"Me gusta hacer las cosas bien, en tiempo y forma. No me gustan los problemas",7:28,1:10
3,I/D,"Fortalezas: soy muy sociable, tiendo a ser muy equilibrada, mi debilidad es que soy desesperada cuando no entiendo algo.",14:35,4:50
0,D/I,"Soy muy persuasivo y confío mucho en la gente",4:42,1:36
0,D/I,"Trabajo de equipo y me frustra si no hay cooperación",10:0,0:53
6,S/D,"Mi fortaleza es ser paciente, respetuosa y amable con los demás. Mis debilidades el miedo a expresar lo que opino cuando no estoy de acuerdo en algo.",9:53,2:47
12,DC/IS,"Alguna de mis fortalezas es la responsabilidad en mi trabajo, trato de resolver lo que se presenta sin la necesidad de que me lo tengan que decir.",12:25,2:31
3,I/D,"Mis fortalezas: comprensible en todo momento, humilde y parlanchín. En mis de debilidades soy muy honesto y suelo perder la concentración porque soy juguetón",11:33,4:23
0,D/I,"Unas de mis fortalezas es que me adapto fácilmente a mi entorno, que digo las cosas como son sin importar lo que los demás opinen. Unas de mis debilidades serían que soy muy poco tolerable y que me enojo fácilmente ",10:13,1:50
11,C/S,"Me gusta aprender cosas nuevas y me aburro con lo cotidiano",10:49,0:36
8,S/C,"Nada estoy muy contenta con mi trabajo y muy cómoda, con todo y mis compañeros no tengo ningún problema ",9:19,1:9
5,I/C,"Sociable amable muy trabajadora",2:57,0:43
13,IS/DC,"Siempre trato de ver en cómo puedo ayudar a los demás, siendo respetuoso ",8:16,0:56
7,S/I,"Me gusta el trabajo que hago, mi debilidad es no ser muy sociable ",4:59,1:24
13,IS/DC,"Mis fortalezas son; responsabilidad, capacidad de resolver problemas y respeto por mis compañeros, pero mi debilidad es la impaciencia ",6:37,3:32
0,D/I,"Fortalezas: trabajo en equipo, servicial, amable, mente ágil, disciplinado. Debilidades: impuntual, poco interés en asuntos personales",8:50,1:38
4,I/S,"Mi fortaleza es mi carácter fuerte y mi facilidad de palabra y habilidades sociales. Mi debilidad es mi poca tolerancia a confrontación por problemas en el área de trabajo",6:59,1:49
8,S/C,"Mis fortalezas; es que soy maduro, perseverante y cumplido en mi trabajo. mis debilidades; no me gustan los cambios repentinos y suelo trabajar al ritmo que yo crea mejor para mi",11:35,1:34
6,S/D,"Mi fortaleza más grande es mi responsabilidad, trabajo en equipo y soy muy pacífico. Mis debilidades son que soy algo distraído, indiscreto y me gusta mucho platicar por lagos periodos de tiempo.",9:54,1:35
7,S/I,"Mis fortalezas es que soy respetuosa me gusta respetar las ideas de los demás y trato de llevarme con todos en el trabajo y mis debilidades es que a veces me cuesta ser sociable con los demás siento que soy muy callada",11:54,3:36
1,D/S,"Considero que me gusta mi trabajo así que soy responsable, sé trabajar en equipo y direccionar a los que tengo a mi cargo, debilidades distraido",7:29,4:7
8,S/C,"Fortalezas: leal, persistente, centrado. Desventajas: rutinario, comodino, impuntual ",5:22,1:56
3,I/D,"Considero que mi fortaleza es que soy extrovertido y mi debilidad es que me cuesta trabajo concentrarme en el trabajo.",10:13,1:36
7,S/I,"Al momento de hacer mi trabajo siempre soy cuidadoso, también soy muy paciente y no me gusta que me regañen.",7:58,1:20
2,D/C,"Mi fortaleza es que soy una persona de carácter muy fuerte, siempre mantengo mi palabra sin importar las circunstancias. Mi debilidad es que me frustran las reglas y que prefiero trabajar solo.",7:57,2:10
7,S/I,"Mi fortaleza es lo paciente que soy, mi eficiencia y mi debilidad es que no me gustan los trabajos bajo presión.",12:18,1:20
0,D/I"Fortalezas: soy muy sociable, carismática y suelo persuadir a otros con facilidad. Mi debilidad es que soy algo impaciente y distraída.",6:9,1:58
3,I/D,"La fortaleza más grande que tengo es que soy muy extrovertido, pero a la vez es mi debilidad ya que suelo no concentrarme muy seguido por hablar con los demás.",7:26,0:43
3,I/D,"Fortalezas: Equilibrado, buen compañero y muy sociable. Debilidades: distraído, falta de confianza, hiperactivo",5:12,1:23
8,S/C,"Siempre logro los objetivos que me propongo, soy muy persistente, diciplinado. Mi debilidad son los cambios, no me gusta salir de mi rutina diaria",12:32,1:54
0,D/I,"Todos tienen sus propias debilidades y fortalezas. Estas pueden cambiar según la situación y el momento. Creo que si tienes perseverancia, diligencia y trabajo duro, puedes solucionarlo",10:05,0:50
7,S/I,"Soy creativo, tengo buenas habilidades de comunicación, jugador de equipo, disciplinado y respeto con una actitud siempre positiva. Mi debilidad Soy un poco pensador y estoy trabajando en ello. Y confío en las personas con mucha facilidad.",8:34,1:25
0,D/I,"Mis fortalezas son pensar, trabajar rápido y aprender. Mi debilidad es confiar fácilmente en todos.",9:15,1:22
6,S/D,"Mi mayor fortaleza es que tengo una actitud positiva en todo lo que hago, incluso si es algo nuevo. Esto se debe a que creo que el dolor y la sobrecarga que estoy enfrentando ahora solo me están preparando para algo más grande en el futuro. Tiendo a Enfocarme en las cosas buenas de la vida, pero también considerar las malas como lecciones de vida. Mi debilidad es que soy una persona emocional y pensadora. Tiendo a buscar la aprobación de los demás en lugar de confiar en lo que sé y lo que soy. capaz de hacer (y estoy trabajando en ello)",11:23,7:12
2,D/C,"Mi fortaleza es que aprendo rápido, soy una persona trabajadora y motivada, segura de sí misma y con una actitud positiva. Mi debilidad es que no me gusta presentar mi trabajo hasta que no esté satisfecho y me siento incómodo cuando no puedo completar mi tarea a tiempo",8:23,2:43
7,S/I,"Mis fortalezas son un trabajador inteligente, creativo y motivado, que aprende rápido, el liderazgo y también una actitud positiva. Mi debilidad es pensar demasiado, pero estoy trabajando en ello",12:34,1:34
2,D/C,"Fortaleza: manejo el tiempo, tomo decisiones, me relaciono fácilmente con los demás y soy bueno para resolver problemas. Debilidad: realizo una actividad, proyecto o cualquier otro trabajo. Lo he completado por completo después de ir a cualquier otro trabajo. ",9:23,2:02
10,C/I,"Mi fortaleza es que aprendo rápido, soy una persona activa y trabajadora. Mi debilidad es que no me siento bien hasta que terminé mi trabajo a tiempo",18:23,1:23
6,S/D,"Mis puntos fuertes son que soy automotivado, trabajador, aprendo rápido y soy un buen jugador de equipo. Mi debilidad es que soy una persona que piensa demasiado y de buen corazón",10:25,1:23
5,I/C,"Fortalezas: mis fortalezas son que soy una persona trabajadora y motivada hacia mi meta, disciplinada y aprendo rápido. Debilidades: mis debilidades son que soy una persona emocional y también me enojo y confío en alguien fácilmente",11:23,2:34
7,S/I,"Mis fortalezas clave que apoyarían mi papel en el trabajo aquí son la formación de equipos, el liderazgo, la paciencia, la capacidad de adaptación. Algunas de mis debilidades que serían un desafío para mí y necesitarían que las superara son la gestión del tiempo y la multitarea",8:24,3:40
8,S/C,"Mis fortalezas son que soy una persona positiva y trabajadora y aprendo cualquier cosa rápidamente. Pensé que la amabilidad era mi debilidad",10:12,1:17
7,S/I,"Mi fortaleza es que soy una persona motivada, siempre curiosa por aprender, y una persona trabajadora con una actitud positiva hacia mi carrera y mi vida. Mi debilidad es que soy un pensador excesivo y, a veces, toma mucho tiempo tomar medidas",6:34,2:58
6,S/D,"Mi fuerza es la comprensión natural que fluye dentro y fuera de mis oídos cuando me comunico con los demás. Mi amabilidad se toma como una debilidad.",8:34,1:23
12,DC/IS,"Mi fortaleza es que soy rápido y autodidacta y soy una persona trabajadora y motivada. Mi debilidad es que no me sentiré bien hasta que termine mi trabajo a tiempo.",6:38,1:49
6,S/D,"Fortalezas: Soy una persona honesta, motivada y trabajadora, que tiene determinación y dedicación, con una actitud positiva hacia mi carrera y la vida. ayuda cuando es necesario. Tiendo a asumir demasiadas responsabilidades",11:43,2:32
5,I/C,"Mi fortaleza es que soy una persona honesta, motivada y trabajadora con una actitud positiva hacia mi carrera y la vida. Y mi debilidad es que confío fácilmente en cualquiera",16:55,5:34
7,S/I,"Mi gran fortaleza es que aprendo rápido y soy una persona motivada. Mi debilidad es que a veces el horario me sobrecarga. Para superar este problema, configuro pequeñas alarmas como 20 min y 30 min y trato de lograr mi objetivo en el tiempo estipulado.",12:34,3:02
3,I/D,"Mi fortaleza es que soy una personalidad audaz. Estoy confiado. Soy una persona activa y extrovertida para cualquier ambiente de trabajo, pero a veces ser extrovertido me pone en problemas, esa es también mi debilidad.",14:35,4:50
11,C/S,"Mi fortaleza es que soy una persona motivada, honesta y curiosa. Pero a veces me confundo con las cosas, esta es mi debilidad",12:11,1:30
5,I/C,"Mis fortalezas son que soy una persona motivada y trabajadora, y aprendo rápidamente cualquier cosa. Mi debilidad es que confío fácilmente en cualquiera",10:11,1:39
5,I/C,"Soy una persona trabajadora, estoy motivada y confío fácilmente en los demás",8:55,0:56
11,C/S,"Mi fortaleza son mis padres, ellos me apoyan en todos los casos y soy una persona tranquila y trabajadora. Debilidad: Soy una persona muy emocional que confía fácilmente en las personas y lloro porque todos me regañan y me enojo muy rápido luego puedo No controlar mi ira",9:54,1:25
10,C/I,"Fortalezas: compromiso para terminar el trabajo a tiempo, confianza, automotivación, buenas habilidades de persuasión y comunicación. Debilidades: equilibrio social con el trabajo, evito tomar riesgos que puedan llevar a perder oportunidades",13:54,3:45
5,I/C,"Mi fortaleza es que aprendo rápido y soy una persona motivada y dedicada. Mi debilidad es que confío fácilmente en los demás",5:68,3:0
0,D/I,"Mi fortaleza es que me dedico al trabajo. Soy flexible para manejar los cambios. Manejo las situaciones con facilidad sin pánico y soy confiable. Mi debilidad es que soy impaciente, sobrepensador, un poco introvertido y Estoy tratando de superar eso lentamente",8:14,1:34
4,I/S,"Soy una persona honesta, motivada y trabajadora con una actitud positiva hacia mi carrera y mi vida",11:45,1:23
11,C/S,"Fortaleza: Soy una persona muy trabajadora y motivada. Debilidad: No puedo controlar mi ira.",7:54,3:11
0,D/I,"Todos tienen sus propias debilidades y fortalezas. Estas pueden cambiar según la situación y el momento. Creo que si tienes perseverancia, diligencia y trabajo duro, puedes solucionarlo",10:05,0:50
7,S/I,"Soy creativo, tengo buenas habilidades de comunicación, jugador de equipo, disciplinado y respeto con una actitud siempre positiva. Mi debilidad Soy un poco pensador y estoy trabajando en ello. Y confío en las personas con mucha facilidad.",8:34,1:25
0,D/I,"Mis fortalezas son pensar, trabajar rápido y aprender. Mi debilidad es confiar fácilmente en todos.",9:15,1:22
6,S/D,"Mi mayor fortaleza es que tengo una actitud positiva en todo lo que hago, incluso si es algo nuevo. Esto se debe a que creo que el dolor y la sobrecarga que estoy enfrentando ahora solo me están preparando para algo más grande en el futuro. Tiendo a Enfocarme en las cosas buenas de la vida, pero también considerar las malas como lecciones de vida. Mi debilidad es que soy una persona emocional y pensadora. Tiendo a buscar la aprobación de los demás en lugar de confiar en lo que sé y lo que soy. capaz de hacer (y estoy trabajando en ello)",11:23,7:12
2,D/C,"Mi fortaleza es que aprendo rápido, soy una persona trabajadora y motivada, segura de sí misma y con una actitud positiva. Mi debilidad es que no me gusta presentar mi trabajo hasta que no esté satisfecho y me siento incómodo cuando no puedo completar mi tarea a tiempo",8:23,2:43
7,S/I,"Mis fortalezas son un trabajador inteligente, creativo y motivado, que aprende rápido, el liderazgo y también una actitud positiva. Mi debilidad es pensar demasiado, pero estoy trabajando en ello",12:34,1:34
2,D/C,"Fortaleza: manejo el tiempo, tomo decisiones, me relaciono fácilmente con los demás y soy bueno para resolver problemas. Debilidad: realizo una actividad, proyecto o cualquier otro trabajo. Lo he completado por completo después de ir a cualquier otro trabajo. ",9:23,2:02
10,C/I,"Mi fortaleza es que aprendo rápido, soy una persona activa y trabajadora. Mi debilidad es que no me siento bien hasta que terminé mi trabajo a tiempo",18:23,1:23
6,S/D,"Mis puntos fuertes son que soy automotivado, trabajador, aprendo rápido y soy un buen jugador de equipo. Mi debilidad es que soy una persona que piensa demasiado y de buen corazón",10:25,1:23
5,I/C,"Fortalezas: mis fortalezas son que soy una persona trabajadora y motivada hacia mi meta, disciplinada y aprendo rápido. Debilidades: mis debilidades son que soy una persona emocional y también me enojo y confío en alguien fácilmente",11:23,2:34
7,S/I,"Mis fortalezas clave que apoyarían mi papel en el trabajo aquí son la formación de equipos, el liderazgo, la paciencia, la capacidad de adaptación. Algunas de mis debilidades que serían un desafío para mí y necesitarían que las superara son la gestión del tiempo y la multitarea",8:24,3:40
8,S/C,"Mis fortalezas son que soy una persona positiva y trabajadora y aprendo cualquier cosa rápidamente. Pensé que la amabilidad era mi debilidad",10:12,1:17
7,S/I,"Mi fortaleza es que soy una persona motivada, siempre curiosa por aprender, y una persona trabajadora con una actitud positiva hacia mi carrera y mi vida. Mi debilidad es que soy un pensador excesivo y, a veces, toma mucho tiempo tomar medidas",6:34,2:58
6,S/D,"Mi fuerza es la comprensión natural que fluye dentro y fuera de mis oídos cuando me comunico con los demás. Mi amabilidad se toma como una debilidad.",8:34,1:23
12,DC/IS,"Mi fortaleza es que soy rápido y autodidacta y soy una persona trabajadora y motivada. Mi debilidad es que no me sentiré bien hasta que termine mi trabajo a tiempo.",6:38,1:49
6,S/D,"Fortalezas: Soy una persona honesta, motivada y trabajadora, que tiene determinación y dedicación, con una actitud positiva hacia mi carrera y la vida. ayuda cuando es necesario. Tiendo a asumir demasiadas responsabilidades",11:43,2:32
5,I/C,"Mi fortaleza es que soy una persona honesta, motivada y trabajadora con una actitud positiva hacia mi carrera y la vida. Y mi debilidad es que confío fácilmente en cualquiera",16:55,5:34
7,S/I,"Mi gran fortaleza es que aprendo rápido y soy una persona motivada. Mi debilidad es que a veces el horario me sobrecarga. Para superar este problema, configuro pequeñas alarmas como 20 min y 30 min y trato de lograr mi objetivo en el tiempo estipulado.",12:34,3:02
3,I/D,"Mi fortaleza es que soy una personalidad audaz. Estoy confiado. Soy una persona activa y extrovertida para cualquier ambiente de trabajo, pero a veces ser extrovertido me pone en problemas, esa es también mi debilidad.",14:35,4:50
11,C/S,"Mi fortaleza es que soy una persona motivada, honesta y curiosa. Pero a veces me confundo con las cosas, esta es mi debilidad",12:11,1:30
5,I/C,"Mis fortalezas son que soy una persona motivada y trabajadora, y aprendo rápidamente cualquier cosa. Mi debilidad es que confío fácilmente en cualquiera",10:11,1:39
5,I/C,"Soy una persona trabajadora, estoy motivada y confío fácilmente en los demás",8:55,0:56
11,C/S,"Mi fortaleza son mis padres, ellos me apoyan en todos los casos y soy una persona tranquila y trabajadora. Debilidad: Soy una persona muy emocional que confía fácilmente en las personas y lloro porque todos me regañan y me enojo muy rápido luego puedo No controlar mi ira",9:54,1:25
10,C/I,"Fortalezas: compromiso para terminar el trabajo a tiempo, confianza, automotivación, buenas habilidades de persuasión y comunicación. Debilidades: equilibrio social con el trabajo, evito tomar riesgos que puedan llevar a perder oportunidades",13:54,3:45
5,I/C,"Mi fortaleza es que aprendo rápido y soy una persona motivada y dedicada. Mi debilidad es que confío fácilmente en los demás",5:68,3:0
0,D/I,"Mi fortaleza es que me dedico al trabajo. Soy flexible para manejar los cambios. Manejo las situaciones con facilidad sin pánico y soy confiable. Mi debilidad es que soy impaciente, sobrepensador, un poco introvertido y Estoy tratando de superar eso lentamente",8:14,1:34
4,I/S,"Soy una persona honesta, motivada y trabajadora con una actitud positiva hacia mi carrera y mi vida",11:45,1:23
11,C/S,"Fortaleza: Soy una persona muy trabajadora y motivada. Debilidad: No puedo controlar mi ira.",7:54,3:11
11,C/S,Fuerza: Soy una persona muy trabajadora y automotivada. Debilidad: No puedo controlar mi ira.,0:0,0:0
5,I/C,"Mi fortaleza es que aprendo rápido y soy una persona automotivada y dedicada. Mi debilidad confío fácilmente en los demás.",0:0,0:0
13,IS/DC,"Mi fortaleza es que soy automotivado, un buen oyente y tengo la capacidad de hacer el trabajo de manera adecuada y rápida. Mi debilidad es que me gusta la limpieza, así que a veces llego tarde si mi lugar no está limpio y despejado.",0:0,0:0
5,I/C,Mis puntos fuertes son que soy una persona muy trabajadora y tranquila que siempre está lista para aprender cosas nuevas. Debilidad: Soy una persona muy emocional que confía en las personas fácilmente.,0:0,0:0
5,I/C,"Fuerza: Soy una persona trabajadora, automotivada. Debilidad: Confío fácilmente en los demás.",0:0,0:0
6,S/D,"Mi fuerza es que, creo en mí mismo que lo que hago sucederá. Puedo ser fuerte en cualquier situación. Mi debilidad es emocional.",0:0,0:0
5,I/C, Hola. Mi fuerza es que soy una persona optimista. Mi debilidad es que confío fácilmente en los demás.,0:0,0:0
7,S/I,"Mis puntos fuertes son: soy una persona trabajadora y motivada. Debilidad Mi debilidad es pensar demasiado.",0:0,0:0
7,S/I,"Mi fortaleza son mis padres, me apoyan en todos los casos y aprendo rápido y puedo mantener a los pacientes en cualquier situación. Mi weekness es pensar demasiado, antes de terminar con mis obras pienso mucho esto me hace caer en la confusión.",0:0,0:0
0,D/I,"Creo que mi mayor fortaleza es la capacidad de resolver problemas de manera rápida y eficiente. Puedo ver cualquier situación dada desde múltiples perspectivas.",0:0,0:0
5,I/C,"Mis puntos fuertes son que soy una persona motivada y de rápido aprendizaje y mi debilidad confío fácilmente en las personas, pero trataré de superarlas.",0:0,0:0
1,D/S,"Mi fortaleza es que, siempre trato de hacer algo diferente hasta que llego a mi meta. La innovación es mi primera prioridad.",0:0,0:0
4,I/S,"Mis puntos fuertes son mis habilidades de comunicación, una persona automotivada y honesta, Mi debilidad es confiar fácilmente en cualquiera y, a veces, dudo en pedir ayuda.",0:0,0:0
6,S/D,Mi fortaleza es que podría adaptarme fácilmente a un nuevo entorno y mi actitud positiva hacia una situación crítica y lo que considero mi mayor fortaleza. Mi debilidad es que solía ser una persona de mal genio y superé esto a través del autocontrol y la meditacién.,0:0,0:0
11,C/S,"Mis fortalezas son: Soy un trabajador duro, honesto y automotivado. Mi debilidad es la falta de experiencia laboral en la vida real.",0:0,0:0
0,D/I,"Mi fortaleza es que soy un muy buen oyente, automotivado y trabajo bajo presión fácilmente. No creo que haya ningún tipo de debilidad dentro de mí. Si la encuentro, definitivamente trabajaré en eso.",0:0,0:0
9,C/D,"Mis puntos fuertes son, soy una persona automotivada, bien disciplinada e interactiva. Me gustan los desafíos y puedo socializar con personas con un sentido de adaptabilidad. Y llegando a mi debilidad, no tengo ninguna debilidad, y si tengo alguna, definitivamente trabajaré en ello.",0:0,0:0
9,C/D,"Mi mayor fortaleza es que soy una persona motivada, trabajadora y disciplinada.",0:0,0:0
13,IS/DC,"Fortalezas;  mi fuerza son mis habilidades de comunicación. Me encanta interactuar con diferentes personas y tengo la paciencia de escucharlas, pero muchas personas se acercan a mí para ayudarlas a tomar una decisión ya que creen que puedo analizar mejor las cosas. Debilidad: Mi debilidad es que confío en las personas muy fácilmente, pero a veces me duele porque me siento engañado muchas veces este hábito también me ayuda a hacer buenos amigos para toda la vida.",0:0,0:0
5,I/C,"Mis puntos fuertes son que soy una persona muy trabajadora y aprendo cualquier cosa rápidamente. Mi debilidad es que confío fácilmente en cualquiera.",0:0,0:0
6,S/D,"Sobre mi fortaleza, soy una persona optimista con habilidades de gestión del tiempo. Antes no podía completar mi tarea a tiempo. Hoy en día puedo usar aplicaciones de productividad y utilizar mi tiempo tanto como sea posible. Y mi mentalidad optimista me ayuda a tener esperanza en situaciones difíciles. Me guía a no rendirme.",0:0,0:0
9,C/D," Soy una persona físicamente fuerte, ya que me gustan las artes marciales y los deportes durante muchos años, también soy una persona con cualidades de liderazgo, buenas habilidades de comunicación, disciplina, puntual y un buen jugador de equipo. Mi debilidad es que soy una persona que piensa demasiado.",0:0,0:0
2,S/C,Fortaleza; es trabajar duro y ser leal a mi trabajo. Debilidad; es que a veces dudo en pedir ayuda.,0:0,0:0
12,DC/IS,"Bueno, mis fortalezas. son: 1. Soy una persona automotivada, bien disciplinada, interactiva y puedo socializar con personas con un gran sentido de adaptabilidad. 2. Puedo disfrutar de mi propia compañía y centrarme en el crecimiento personal. Y la debilidad es que a veces pienso demasiado y siento un complejo de inferioridad, pero para abordar eso he comenzado a meditar en lugar de compartir esto con otros, trabajo más para eliminar esto por completo.",0:0,0:0
2,D/C,"Fortalezas: Soy un trabajador duro y sincero, puedo trabajar de forma independiente y también soy un buen jugador, buena gestión del tiempo. Debilidad: Soy introvertido y temo hablar en público Pero ahora estoy tratando de superar eso y me estoy alejando de mi zona de confort para obtener los mejores resultados.",0:0,0:0
5,I/C,"Mi fuerza es la persona automotivada y honesta. Y mi debilidad es que confío en la gente fácilmente.",0:0,0:0
10,C/I,"Fortalezas: Soy una persona altamente organizada y motivada con excelentes habilidades de comunicación, resolución de problemas y gestión del tiempo. También soy un jugador de equipo y prospero en un entorno colaborativo. Debilidades: Puedo ser un perfeccionista a veces, lo que puede llevarme a ser demasiado crítico con mi propio trabajo. También soy un poco procrastinador, lo que puede llevar a sentirme abrumado. Para abordar esto, he estado trabajando en mejorar mis habilidades de gestión del tiempo y establecer objetivos más realistas.",0:0,0:0
2,D/C,Fuerza: Soy disciplinado y de rápido aprendizaje. Mantengo una buena relación con la gente. Soy una persona orientada a objetivos. Debilidad: Soy impaciente y siempre quiero ser perfecto. Dudo en pedir ayuda y tengo sentimientos encontrados.,0:0,0:0
11,C/S,"Mi fuerza es que me gusta hacer cualquier cosa y eso me está ayudando a una mejor versión de mí mismo. Llegando a mi debilidad; Soy una buena persona, así que creo que esta es mi debilidad porque confío en la gente fácilmente.",0:0,0:0
10,C/I,"Fuerza: Soy una persona responsable y positiva. Puedo manejar cualquier situación crítica y creo en mí mismo. Debilidad: Me concentro tanto en mi trabajo que necesito dejar más tiempo para poner las cosas en orden.",0:0,0:0
12,DC/IS,"Mi fortaleza es que apenas puedo trabajar hasta que no se logre el objetivo. La debilidad es hablar en público. Trabajo en ello y trato de superar esto.",0:0,0:0
10,C/I,Mi fuerza es que soy una persona responsable y positiva. Puedo superar cualquier situación crítica y creo en mí mismo. Mi debilidad es que soy una persona emocional. Puedo confiar fácilmente. Por eso a veces la gente me considera.,0:0,0:0
2,D/C,"Mi fortaleza es que aprendo rápido, siempre pienso de manera positiva, por eso soy una persona automotivada, trabajadora y aprendo de mis errores. Debilidades: son que soy demasiado emocional y intento puedo ser perfecto.",0:0,0:0
12,DC/IS,"Mi fortaleza es que soy una persona automotivada y honesta. Mi debilidad es mi falta de habilidades para hablar e interactuar con gente nueva poniéndome nerviosa. Definitivamente, superaré esto. Gracias.",0:0,0:0
4,I/S,"Mis puntos fuertes son que soy una persona inteligente y trabajadora. Estoy investigando un tiempo limitado y trabajando de manera más inteligente, pero estoy haciendo mi mejor esfuerzo al 100%, también soy un jugador de equipo entusiasta. Siempre estoy entusiasmado con cualquier tarea nueva. Mi debilidad es que puedo confiar fácilmente. Por eso a veces la gente me considera.",0:0,0:0
4,I/S,"Fuerza: Me gusta trabajar con grupos y descubrí que mi naturaleza colaborativa es mi mayor fortaleza, aparte de esto, soy una persona muy honesta. Debilidad: Confío fácilmente en las personas, pero trataré de superarlas.",0:0,0:0
2,D/C,"Mi fortaleza es que soy una persona de rápido aprendizaje, autodisciplinada y puntual. Siempre completo mi trabajo con precisión y antes de los plazos. Además, mis fortalezas son conocer mis debilidades y trabajar para mejorarlas. Una de mis debilidades es hablar en público, me siento muy cómodo cuando hago pequeñas reuniones con mi equipo, pero cuando presento una idea a un grupo grande me siento nervioso de que estoy trabajando para mejorar esta habilidad asistiendo a cursos y practicando más presentaciones.",0:0,0:0
13,IS/DC,Fuerza: La naturaleza amistosa es mi fortaleza si alguien está enojado conmigo para que pueda convencerlos de mi buena naturaleza. Debilidad: Mi debilidad es que siempre lloro por las cosas pequeñas.,0:0,0:0
10,C/I,"Fuerza: mi fortaleza es que soy una persona diligente, motivada y puntual. No necesito motivar a mi familia, es la mayor motivación para mí. Siempre llego temprano por la mañana y completo mi trabajo a tiempo. Mi trabajo anterior tenía mucho trabajo que me aseguro de completar mi trabajo antes de la fecha límite y con precisión. Debilidad: mi debilidad es que confío fícilmente en cualquier persona y mi naturaleza franca a veces es buena para mí, pero a veces tengo que sufrir me mete en problemas. Soy una persona más lenta, paso mucho tiempo en mi trabajo, lo que hace que sea más lento completar mi trabajo en comparación con otra persona porque realmente quiero hacer las cosas bien, a veces verificaré dos veces y verificaré tres veces documentos, archivos y correos electrónicos para asegurarme de que todo sea correcto y preciso.",0:0,0:0
0,D/I,Mi fortaleza es que creo en el trabajo duro y mi debilidad es que no quiero perder a mi madre.,0:0,0:0
6,S/D,"Mis fortalezas fuertes son que soy muy trabajador y de mente ágil. Algunos de mis amigos y padres son mi fortaleza. Debilidades: Cuando veo a un lisiado o a un mendigo, no puedo evitar emocionarme. Lo ayudo tanto como puedo.",0:0,0:0
10,C/I,"Soy una persona muy positiva, puedo manejar cualquier situación crítica y creo en mí mismo. Debilidad, soy pensador significativo 'y soy una persona muy emocional.",0:0,0:0
7,S/I,"Mis fortalezas son, soy una persona automotivada y estoy orientada a objetivos. Puedo adaptarme rápidamente a casi cualquier situación. Y solo me concentro en alcanzar mis metas. Y básicamente, mis debilidades son, tengo miedo de fallar, soy demasiado sensible sobre las cosas que empiezo a pensar demasiado y odio tanto ese sentimiento. Y también considero hablar en público como una de mis debilidades. Y siempre lloro mucho por las pequeñas cosas porque soy una persona introvertida.",0:0,0:0
10,C/I,Mi fortaleza es que soy una persona motivada y orientada a la carrera. Mi debilidad es que paso demasiado tiempo en un trabajo.,0:0,0:0
12,DC/IS,"Mis puntos fuertes son que soy una persona automotivada y orientada a objetivos. Mi debilidad es que trabajo mucho porque a veces no puedo pasar tiempo con mi familia, pero estoy tratando de superar esta debilidad que pasé tiempo con mi familia en vacaciones.",0:0,0:0
4,I/S,"Mis puntos fuertes son el pensamiento positivo, el trabajo en equipo y ser una persona habladora. Puedo hacer amigos fácilmente y puedo adaptarme a entornos cambiantes. Mis debilidades a veces son pensar más allá de la situación y al detalle orientado.",0:0,0:0
10,C/I,"Mis fortalezas son que me gusta aprender cosas nuevas que pueden ayudar a crecer en el futuro y también estoy motivado con eso siempre trato de pensar de manera positiva para obtener mejores resultados. Debilidad-> Pensar demasiado es una de las debilidades que encontré en mí mismo y practico la meditación para evitar pensar demasiado.",0:0,0:0
10,C/I,"Mi fortaleza es que aprendo rápido y tengo confianza. Mi debilidad es que me concentro en una cosa a la vez, y la falta de experiencia.",0:0,0:0
12,DC/IS,"Mi fortaleza es que soy un autodidacta, es decir, aprendo de mis errores. Mi debilidad es que no soy un buen orador público.",0:0,0:0
8,S/C,"Fuerza: Incluso después de fallar, tengo el potencial y la confianza para hacerlo mejor. Debilidad: doy muchas cosas por sentado.",0:0,0:0
12,DC/IS,"Mi fuerza es el trabajo duro y la consistencia, puedo mantenerme constante sin importar lo que pase. Mi debilidad es centrarme en mí mismo, por eso no tengo amigos.",0:0,0:0
6,S/D,Mi fortaleza es que estoy motivado y mantengo la paciencia en cualquier situación. Mi debilidad es que pienso mucho y soy emocional.,0:0,0:0
8,S/C,"Mi fuerza es la sonrisa en mi rostro ante cualquier situación de mi vida para derretir el miedo en mí y obtener la capacidad de enfrentarme. Mi debilidad es que cada vez que mi familia está en problemas entraré en pánico, pero trataré de superar todas esas cosas y saldré de ellas.",0:0,0:0
1,D/S,"Mi punto fuerte es aprender nuevos softwares fácilmente y puedo adaptarme en situaciones difíciles. Mi debilidad es que pierdo los estribos muy fácilmente.",0:0,0:0
1,D/S,"Mi fortaleza es hacer un trabajo duro y aumentar el valor de la empresa. Y la debilidad se cree fácilmente.",0:0,0:0
8,S/C,"Fortaleza:  Es trabajadora y leal a mi trabajo. Debilidad: Mi debilidad es pensar demasiado.",0:0,0:0
0,D/I,"Un individuo Eficiente es directo y asertivo, pero tiene poco o ningún interés en asuntos personales. Toman una visión objetiva y analítica y conducen hacia sus objetivos sin piedad e implacables. Necesitan ver resultados y están dispuestos a comprometer la calidad o los detalles para obtenerlos.",0:0,0:0
1,D/S,"Este tipo de persona siente la necesidad de estar activo todo el tiempo, y es impaciente con aquellos que no quieren o no pueden mantener su ritmo urgente. Reaccionan rápidamente a los nuevos desarrollos, pero nunca pierden de vista sus propios objetivos y ambiciones.",0:0,0:0
2,D/C,".Este tipo de persona se siente frustrada por las reglas y regulaciones. Prefieren seguir sus propias ideas y, a menudo, trabajan solos o en posiciones de autoridad aislada. Este subtítulo es común, por ejemplo, en los estilos emprendedores.",0:0,0:0
3,I/D,"La gente amable ama hablar: la comunicación es el elemento más fuerte de este estilo. Son sociables y extrovertidos, pero les resulta muy difícil concentrarse en tareas mundanas, y se distraen fácilmente de ese trabajo por la oportunidad de interacción social.",0:0,0:0
4,I/S,"Este es un subtítulo extrovertido y extrovertido que tiene mucho en común con la amabilidad, pero con la dimensión adicional de energía y ritmo. Este estilo animado muestra su interés en un tema muy fuertemente, y su naturaleza efusiva puede actuar como un factor de motivación para los demás.",0:0,0:0
5,I/C,"Los perfiles seguros de sí mismos representan personas que rara vez experimentan dudas y se sienten a gusto en casi cualquier situación social. Se mezclan fácilmente con extraños y no tienen miedo de iniciar el contacto social. A veces pueden volverse demasiado confiados, lo que los lleva a actuar impulsivamente",0:0,0:0
6,S/D,"Este estilo de persona tiene poco sentido de urgencia y un ritmo lento, lo que significa que pueden trabajar en situaciones que otros encontrarían repetitivas o aburridas. Son sumisos en estilo y listos para aceptar que hay algunas cosas que no pueden cambiar.",0:0,0:0
7,S/I,"Las personas reflexivas planifican sus palabras y acciones cuidadosamente y nunca actúan impulsivamente. Los plazos y otras limitaciones de tiempo son difíciles de tratar para este tipo de persona. Su ventaja, sin embargo, es la fiabilidad y estabilidad que aportan a su trabajo.",0:0,0:0
8,S/C,"Las personas persistentes lidian mal con el cambio. Una vez que se establecen dentro de un status quo, les resulta difícil salir de esto y adaptarse a una nueva situación. Harán lo que puedan para mantener su estado actual de cosas, mostrando gran lealtad y resistencia en defensa de su entorno actual y su círculo social.",0:0,0:0
9,C/D,"Este es la sub-característica clásica 'orientada a las reglas', que describe a una persona que necesita estar absolutamente segura de su posición y prefiere usar las regulaciones y los procedimientos establecidos como un marco para respaldar sus ideas. Este aspecto de su estilo personal se extiende a la necesidad de apoyo práctico de los gerentes, colegas y amigos, y por eso buscan mantener relaciones laborales positivas con los demás",0:0,0:0
10,C/I,"Este sub-caracteristica también se denomina a veces Precaución. El tipo de persona a quien se refiere odia cometer errores: revisan y vuelven a verificar su trabajo, y son propensos a corregir los errores de los demás, tanto si se les ha pedido como si no. Esta necesidad de certeza significa que nunca se arriesgarán a menos que sea absolutamente necesario. También son cautelosos en la comunicación, rara vez revelan más sobre sí mismos que un mínimo.",0:0,0:0
11,C/S,"Las personas de este tipo son muy conscientes de su entorno y de los cambios que tienen lugar dentro de él, en la medida en que a menudo notan puntos sutiles que otras personas pasan por alto o ignoran. En sí mismo, este es un factor positivo, pero tiene la consecuencia de que tienen un umbral de aburrimiento muy bajo y pueden distraerse fácilmente.",0:0,0:0
12,DC/IS,"Este tipo de persona cree en hacer las cosas bien, y rara vez tiene miedo de expresar su mente de manera sólida y directa. De todos los perfiles de DISC posibles, este estilo probablemente representa el menos próximo en asuntos personales o emocionales; Los individuos de este tipo tienden a ser remotos y algo aislados, prefiriendo mantener su propio consejo.",0:0,0:0
13,IS/DC,"una persona orientada hacia asuntos personales y la comprensión de otras personas. Tal individuo es confiado, cálido y amigable, pero no obstante, también es capaz de extender un oído comprensivo a los demás y está listo para ayudar con los problemas de los demás, si pueden. Estas son las razones por las que un perfil DISC con esta característica forma de U invertida se describe a menudo como un perfil Consejero.",0:0,0:0
11,C/S,"Mi punto fuerte es la puntualidad y la honestidad, pero a veces siento falta de confianza y me enojo rápidamente.",0:0,0:0
10,C/I,Mi fortaleza es que estoy motivado y creo en mí mismo para manejar diversas situaciones críticas y también soy un pensador práctico. Mi debilidad es que sobre todo tengo miedo al fracaso y me siento mal para realizar múltiples tareas.,0:0,0:0
11,C/S,"Mi fortaleza es que tengo confianza en mí mismo y enfrento cada situación muy fácilmente y atrapo palabras en un segundo. Mi debilidad - Soy una persona muy emocionada, pero estoy equivocado en algunas situaciones.",0:0,0:0
4,I/S,Mi fuerza es automotivada. Mi debilidad es confiar fácilmente en cualquiera.,0:0,0:0
11,C/S,Mi fortaleza es que soy una persona de disciplinada cada vez que mi desempeño es mejor. Considero que mi debilidad es mi debilidad es que soy una persona muy cofiadada y que me equivoco en algunas situaciones.,0:0,0:0
0,D/I,"Mis puntos fuertes: Nunca me abrocho el cinturón en ninguna situación. Mi debilidad: Confío en todos fácilmente.",0:0,0:0
1,D/S,"Mi fortaleza es que soy disciplinado. My debilidad es pensar demasiado, definitivamente superaré esto. Para superar mi pensamiento excesivo, hago meditación todos los días.",0:0,0:0
10,C/I,"Mi gran fortaleza es que aprendo o adopto entornos rápidamente y mi debilidad es que odio perder y fracasar.",0:0,0:0
5,I/C,"Mi fuerza incluye jugar con mi hermano, que tiene una gran resistencia, resistencia y una mente propia. Mi debilidad incluye jugar con mi hermano severamente, eventualmente, me canso.",0:0,0:0
0,D/I,Mis puntos fuertes son la adorabilidad y el trabajo bajo presión y conocer mi debilidad y trabajar en ella también mi fuerza. Mi debilidad es confiar fácilmente en la gente.,0:0,0:0
0,D/I,"Mis puntos fuertes son la adaptabilidad, nunca me abrocho el cinturón bajo ninguna presión. Mi debilidad es que puedo confiar en las personas muy fácilmente y trataré de superar mi debilidad.",0:0,0:0
7,S/I,Fuerza: Aprendiz rápido y persona automotivada. Debilidad: Mi debilidad es pensar demasiado.,0:0,0:0
0,D/I,"Mis fortalezas son pensar, trabajar rápido y aprender. Mi debilidad es confiar fácilmente en todos.",0:0,0:0
3,I/D,"Creo que mi mayor fortalez es que soy extrovertida y le caigo bien a la gente y mi debilidad es que en veces soy muy confiada siempre creo que tendre éxito en lo que haré sin importar lo que sea, pero en ocaciones me equivoco.",1:8,1:48

